provinece,date,lottery_number
Xổ số Vĩnh Long,2025-08-22,29
Xổ số Vĩnh Long,2025-08-22,149
Xổ số Vĩnh Long,2025-08-22,4702
Xổ số Vĩnh Long,2025-08-22,3405
Xổ số Vĩnh Long,2025-08-22,8913
Xổ số Vĩnh Long,2025-08-22,4031
Xổ số Vĩnh Long,2025-08-22,80027
Xổ số Vĩnh Long,2025-08-22,88631
Xổ số Vĩnh Long,2025-08-22,58791
Xổ số Vĩnh Long,2025-08-22,98732
Xổ số Vĩnh Long,2025-08-22,61730
Xổ số Vĩnh Long,2025-08-22,15745
Xổ số Vĩnh Long,2025-08-22,82640
Xổ số Vĩnh Long,2025-08-22,73095
Xổ số Vĩnh Long,2025-08-22,34120
Xổ số Vĩnh Long,2025-08-22,84675
Xổ số Vĩnh Long,2025-08-22,23818
Xổ số Vĩnh Long,2025-08-22,303042
Xổ số Trà Vinh,2025-08-22,15
Xổ số Trà Vinh,2025-08-22,931
Xổ số Trà Vinh,2025-08-22,4979
Xổ số Trà Vinh,2025-08-22,5051
Xổ số Trà Vinh,2025-08-22,1470
Xổ số Trà Vinh,2025-08-22,9444
Xổ số Trà Vinh,2025-08-22,90981
Xổ số Trà Vinh,2025-08-22,48463
Xổ số Trà Vinh,2025-08-22,62092
Xổ số Trà Vinh,2025-08-22,11969
Xổ số Trà Vinh,2025-08-22,45206
Xổ số Trà Vinh,2025-08-22,43010
Xổ số Trà Vinh,2025-08-22,54605
Xổ số Trà Vinh,2025-08-22,98323
Xổ số Trà Vinh,2025-08-22,42536
Xổ số Trà Vinh,2025-08-22,98191
Xổ số Trà Vinh,2025-08-22,00012
Xổ số Trà Vinh,2025-08-22,270569
Xổ số Bình Dương,2025-08-22,06
Xổ số Bình Dương,2025-08-22,954
Xổ số Bình Dương,2025-08-22,1546
Xổ số Bình Dương,2025-08-22,3137
Xổ số Bình Dương,2025-08-22,2845
Xổ số Bình Dương,2025-08-22,1955
Xổ số Bình Dương,2025-08-22,20991
Xổ số Bình Dương,2025-08-22,95080
Xổ số Bình Dương,2025-08-22,94597
Xổ số Bình Dương,2025-08-22,90110
Xổ số Bình Dương,2025-08-22,06315
Xổ số Bình Dương,2025-08-22,52490
Xổ số Bình Dương,2025-08-22,64857
Xổ số Bình Dương,2025-08-22,58253
Xổ số Bình Dương,2025-08-22,32202
Xổ số Bình Dương,2025-08-22,91448
Xổ số Bình Dương,2025-08-22,09319
Xổ số Bình Dương,2025-08-22,854696
Xổ số Tây Ninh,2025-08-21,90
Xổ số Tây Ninh,2025-08-21,466
Xổ số Tây Ninh,2025-08-21,6058
Xổ số Tây Ninh,2025-08-21,3018
Xổ số Tây Ninh,2025-08-21,3762
Xổ số Tây Ninh,2025-08-21,2577
Xổ số Tây Ninh,2025-08-21,85642
Xổ số Tây Ninh,2025-08-21,35085
Xổ số Tây Ninh,2025-08-21,08079
Xổ số Tây Ninh,2025-08-21,69256
Xổ số Tây Ninh,2025-08-21,50704
Xổ số Tây Ninh,2025-08-21,90542
Xổ số Tây Ninh,2025-08-21,10579
Xổ số Tây Ninh,2025-08-21,87775
Xổ số Tây Ninh,2025-08-21,86644
Xổ số Tây Ninh,2025-08-21,70628
Xổ số Tây Ninh,2025-08-21,80523
Xổ số Tây Ninh,2025-08-21,351303
Xổ số Bình Thuận,2025-08-21,29
Xổ số Bình Thuận,2025-08-21,427
Xổ số Bình Thuận,2025-08-21,6231
Xổ số Bình Thuận,2025-08-21,3821
Xổ số Bình Thuận,2025-08-21,1049
Xổ số Bình Thuận,2025-08-21,5783
Xổ số Bình Thuận,2025-08-21,59144
Xổ số Bình Thuận,2025-08-21,47386
Xổ số Bình Thuận,2025-08-21,66389
Xổ số Bình Thuận,2025-08-21,72950
Xổ số Bình Thuận,2025-08-21,80581
Xổ số Bình Thuận,2025-08-21,61056
Xổ số Bình Thuận,2025-08-21,44971
Xổ số Bình Thuận,2025-08-21,74449
Xổ số Bình Thuận,2025-08-21,10589
Xổ số Bình Thuận,2025-08-21,58581
Xổ số Bình Thuận,2025-08-21,16586
Xổ số Bình Thuận,2025-08-21,601298
Xổ số An Giang,2025-08-21,61
Xổ số An Giang,2025-08-21,090
Xổ số An Giang,2025-08-21,2171
Xổ số An Giang,2025-08-21,4486
Xổ số An Giang,2025-08-21,4178
Xổ số An Giang,2025-08-21,4066
Xổ số An Giang,2025-08-21,30693
Xổ số An Giang,2025-08-21,03810
Xổ số An Giang,2025-08-21,35283
Xổ số An Giang,2025-08-21,75704
Xổ số An Giang,2025-08-21,79718
Xổ số An Giang,2025-08-21,70705
Xổ số An Giang,2025-08-21,00094
Xổ số An Giang,2025-08-21,60059
Xổ số An Giang,2025-08-21,98549
Xổ số An Giang,2025-08-21,70128
Xổ số An Giang,2025-08-21,55031
Xổ số An Giang,2025-08-21,650396
Xổ số Đồng Nai,2025-08-20,71
Xổ số Đồng Nai,2025-08-20,849
Xổ số Đồng Nai,2025-08-20,3645
Xổ số Đồng Nai,2025-08-20,4329
Xổ số Đồng Nai,2025-08-20,7078
Xổ số Đồng Nai,2025-08-20,3128
Xổ số Đồng Nai,2025-08-20,85407
Xổ số Đồng Nai,2025-08-20,09833
Xổ số Đồng Nai,2025-08-20,90019
Xổ số Đồng Nai,2025-08-20,24507
Xổ số Đồng Nai,2025-08-20,00339
Xổ số Đồng Nai,2025-08-20,56396
Xổ số Đồng Nai,2025-08-20,97717
Xổ số Đồng Nai,2025-08-20,32135
Xổ số Đồng Nai,2025-08-20,45528
Xổ số Đồng Nai,2025-08-20,85881
Xổ số Đồng Nai,2025-08-20,79093
Xổ số Đồng Nai,2025-08-20,960005
Xổ số Cần Thơ,2025-08-20,78
Xổ số Cần Thơ,2025-08-20,062
Xổ số Cần Thơ,2025-08-20,8818
Xổ số Cần Thơ,2025-08-20,2253
Xổ số Cần Thơ,2025-08-20,1859
Xổ số Cần Thơ,2025-08-20,2859
Xổ số Cần Thơ,2025-08-20,73473
Xổ số Cần Thơ,2025-08-20,64649
Xổ số Cần Thơ,2025-08-20,93852
Xổ số Cần Thơ,2025-08-20,63058
Xổ số Cần Thơ,2025-08-20,40528
Xổ số Cần Thơ,2025-08-20,34028
Xổ số Cần Thơ,2025-08-20,74329
Xổ số Cần Thơ,2025-08-20,01988
Xổ số Cần Thơ,2025-08-20,03840
Xổ số Cần Thơ,2025-08-20,98154
Xổ số Cần Thơ,2025-08-20,00607
Xổ số Cần Thơ,2025-08-20,726304
Xổ số Sóc Trăng,2025-08-20,44
Xổ số Sóc Trăng,2025-08-20,540
Xổ số Sóc Trăng,2025-08-20,4236
Xổ số Sóc Trăng,2025-08-20,0634
Xổ số Sóc Trăng,2025-08-20,8223
Xổ số Sóc Trăng,2025-08-20,8590
Xổ số Sóc Trăng,2025-08-20,04547
Xổ số Sóc Trăng,2025-08-20,25098
Xổ số Sóc Trăng,2025-08-20,45638
Xổ số Sóc Trăng,2025-08-20,21801
Xổ số Sóc Trăng,2025-08-20,24266
Xổ số Sóc Trăng,2025-08-20,27177
Xổ số Sóc Trăng,2025-08-20,78390
Xổ số Sóc Trăng,2025-08-20,40808
Xổ số Sóc Trăng,2025-08-20,36634
Xổ số Sóc Trăng,2025-08-20,32752
Xổ số Sóc Trăng,2025-08-20,20107
Xổ số Sóc Trăng,2025-08-20,076945
Xổ số Vũng Tàu,2025-08-19,15
Xổ số Vũng Tàu,2025-08-19,834
Xổ số Vũng Tàu,2025-08-19,4398
Xổ số Vũng Tàu,2025-08-19,3759
Xổ số Vũng Tàu,2025-08-19,5360
Xổ số Vũng Tàu,2025-08-19,3061
Xổ số Vũng Tàu,2025-08-19,53603
Xổ số Vũng Tàu,2025-08-19,09021
Xổ số Vũng Tàu,2025-08-19,02459
Xổ số Vũng Tàu,2025-08-19,54701
Xổ số Vũng Tàu,2025-08-19,24095
Xổ số Vũng Tàu,2025-08-19,14048
Xổ số Vũng Tàu,2025-08-19,87516
Xổ số Vũng Tàu,2025-08-19,16938
Xổ số Vũng Tàu,2025-08-19,94242
Xổ số Vũng Tàu,2025-08-19,46896
Xổ số Vũng Tàu,2025-08-19,75165
Xổ số Vũng Tàu,2025-08-19,771028
Xổ số Bạc Liêu,2025-08-19,14
Xổ số Bạc Liêu,2025-08-19,730
Xổ số Bạc Liêu,2025-08-19,5778
Xổ số Bạc Liêu,2025-08-19,3830
Xổ số Bạc Liêu,2025-08-19,4961
Xổ số Bạc Liêu,2025-08-19,4606
Xổ số Bạc Liêu,2025-08-19,76951
Xổ số Bạc Liêu,2025-08-19,60568
Xổ số Bạc Liêu,2025-08-19,96907
Xổ số Bạc Liêu,2025-08-19,14124
Xổ số Bạc Liêu,2025-08-19,69827
Xổ số Bạc Liêu,2025-08-19,37314
Xổ số Bạc Liêu,2025-08-19,04274
Xổ số Bạc Liêu,2025-08-19,88044
Xổ số Bạc Liêu,2025-08-19,93108
Xổ số Bạc Liêu,2025-08-19,90293
Xổ số Bạc Liêu,2025-08-19,37908
Xổ số Bạc Liêu,2025-08-19,012104
Xổ số Bến Tre,2025-08-19,98
Xổ số Bến Tre,2025-08-19,747
Xổ số Bến Tre,2025-08-19,9389
Xổ số Bến Tre,2025-08-19,4652
Xổ số Bến Tre,2025-08-19,1695
Xổ số Bến Tre,2025-08-19,1590
Xổ số Bến Tre,2025-08-19,27354
Xổ số Bến Tre,2025-08-19,79888
Xổ số Bến Tre,2025-08-19,53239
Xổ số Bến Tre,2025-08-19,59434
Xổ số Bến Tre,2025-08-19,18490
Xổ số Bến Tre,2025-08-19,44788
Xổ số Bến Tre,2025-08-19,10468
Xổ số Bến Tre,2025-08-19,24496
Xổ số Bến Tre,2025-08-19,15784
Xổ số Bến Tre,2025-08-19,50981
Xổ số Bến Tre,2025-08-19,04576
Xổ số Bến Tre,2025-08-19,280370
Xổ số TP Hồ Chí Minh,2025-08-18,06
Xổ số TP Hồ Chí Minh,2025-08-18,498
Xổ số TP Hồ Chí Minh,2025-08-18,5913
Xổ số TP Hồ Chí Minh,2025-08-18,9539
Xổ số TP Hồ Chí Minh,2025-08-18,1323
Xổ số TP Hồ Chí Minh,2025-08-18,6238
Xổ số TP Hồ Chí Minh,2025-08-18,72453
Xổ số TP Hồ Chí Minh,2025-08-18,54266
Xổ số TP Hồ Chí Minh,2025-08-18,68670
Xổ số TP Hồ Chí Minh,2025-08-18,05484
Xổ số TP Hồ Chí Minh,2025-08-18,04099
Xổ số TP Hồ Chí Minh,2025-08-18,37892
Xổ số TP Hồ Chí Minh,2025-08-18,52727
Xổ số TP Hồ Chí Minh,2025-08-18,82623
Xổ số TP Hồ Chí Minh,2025-08-18,11976
Xổ số TP Hồ Chí Minh,2025-08-18,69628
Xổ số TP Hồ Chí Minh,2025-08-18,65820
Xổ số TP Hồ Chí Minh,2025-08-18,544764
Xổ số Cà Mau,2025-08-18,32
Xổ số Cà Mau,2025-08-18,233
Xổ số Cà Mau,2025-08-18,4571
Xổ số Cà Mau,2025-08-18,5393
Xổ số Cà Mau,2025-08-18,9326
Xổ số Cà Mau,2025-08-18,7114
Xổ số Cà Mau,2025-08-18,36199
Xổ số Cà Mau,2025-08-18,91059
Xổ số Cà Mau,2025-08-18,37657
Xổ số Cà Mau,2025-08-18,90500
Xổ số Cà Mau,2025-08-18,15312
Xổ số Cà Mau,2025-08-18,23739
Xổ số Cà Mau,2025-08-18,61001
Xổ số Cà Mau,2025-08-18,27725
Xổ số Cà Mau,2025-08-18,38066
Xổ số Cà Mau,2025-08-18,83724
Xổ số Cà Mau,2025-08-18,89739
Xổ số Cà Mau,2025-08-18,950403
Xổ số Đồng Tháp,2025-08-18,22
Xổ số Đồng Tháp,2025-08-18,190
Xổ số Đồng Tháp,2025-08-18,1642
Xổ số Đồng Tháp,2025-08-18,7853
Xổ số Đồng Tháp,2025-08-18,2367
Xổ số Đồng Tháp,2025-08-18,5713
Xổ số Đồng Tháp,2025-08-18,41282
Xổ số Đồng Tháp,2025-08-18,22387
Xổ số Đồng Tháp,2025-08-18,04536
Xổ số Đồng Tháp,2025-08-18,85255
Xổ số Đồng Tháp,2025-08-18,78392
Xổ số Đồng Tháp,2025-08-18,62061
Xổ số Đồng Tháp,2025-08-18,64592
Xổ số Đồng Tháp,2025-08-18,20593
Xổ số Đồng Tháp,2025-08-18,82375
Xổ số Đồng Tháp,2025-08-18,92602
Xổ số Đồng Tháp,2025-08-18,10804
Xổ số Đồng Tháp,2025-08-18,756396
Xổ số Tiền Giang,2025-08-17,97
Xổ số Tiền Giang,2025-08-17,560
Xổ số Tiền Giang,2025-08-17,0943
Xổ số Tiền Giang,2025-08-17,1635
Xổ số Tiền Giang,2025-08-17,4594
Xổ số Tiền Giang,2025-08-17,9427
Xổ số Tiền Giang,2025-08-17,39862
Xổ số Tiền Giang,2025-08-17,46280
Xổ số Tiền Giang,2025-08-17,60088
Xổ số Tiền Giang,2025-08-17,43675
Xổ số Tiền Giang,2025-08-17,86745
Xổ số Tiền Giang,2025-08-17,65270
Xổ số Tiền Giang,2025-08-17,86622
Xổ số Tiền Giang,2025-08-17,80880
Xổ số Tiền Giang,2025-08-17,56817
Xổ số Tiền Giang,2025-08-17,25697
Xổ số Tiền Giang,2025-08-17,33807
Xổ số Tiền Giang,2025-08-17,351628
Xổ số Kiên Giang,2025-08-17,53
Xổ số Kiên Giang,2025-08-17,363
Xổ số Kiên Giang,2025-08-17,8546
Xổ số Kiên Giang,2025-08-17,9180
Xổ số Kiên Giang,2025-08-17,6116
Xổ số Kiên Giang,2025-08-17,0005
Xổ số Kiên Giang,2025-08-17,34958
Xổ số Kiên Giang,2025-08-17,21399
Xổ số Kiên Giang,2025-08-17,74894
Xổ số Kiên Giang,2025-08-17,55369
Xổ số Kiên Giang,2025-08-17,74880
Xổ số Kiên Giang,2025-08-17,88616
Xổ số Kiên Giang,2025-08-17,75881
Xổ số Kiên Giang,2025-08-17,10156
Xổ số Kiên Giang,2025-08-17,73598
Xổ số Kiên Giang,2025-08-17,56002
Xổ số Kiên Giang,2025-08-17,13159
Xổ số Kiên Giang,2025-08-17,262094
Xổ số Đà Lạt,2025-08-17,82
Xổ số Đà Lạt,2025-08-17,558
Xổ số Đà Lạt,2025-08-17,8280
Xổ số Đà Lạt,2025-08-17,5499
Xổ số Đà Lạt,2025-08-17,6044
Xổ số Đà Lạt,2025-08-17,2528
Xổ số Đà Lạt,2025-08-17,28064
Xổ số Đà Lạt,2025-08-17,37899
Xổ số Đà Lạt,2025-08-17,97394
Xổ số Đà Lạt,2025-08-17,34374
Xổ số Đà Lạt,2025-08-17,01287
Xổ số Đà Lạt,2025-08-17,09298
Xổ số Đà Lạt,2025-08-17,77331
Xổ số Đà Lạt,2025-08-17,40053
Xổ số Đà Lạt,2025-08-17,28839
Xổ số Đà Lạt,2025-08-17,55039
Xổ số Đà Lạt,2025-08-17,35662
Xổ số Đà Lạt,2025-08-17,270067
Xổ số TP Hồ Chí Minh,2025-08-16,30
Xổ số TP Hồ Chí Minh,2025-08-16,044
Xổ số TP Hồ Chí Minh,2025-08-16,9499
Xổ số TP Hồ Chí Minh,2025-08-16,9277
Xổ số TP Hồ Chí Minh,2025-08-16,5901
Xổ số TP Hồ Chí Minh,2025-08-16,0361
Xổ số TP Hồ Chí Minh,2025-08-16,45443
Xổ số TP Hồ Chí Minh,2025-08-16,57276
Xổ số TP Hồ Chí Minh,2025-08-16,18503
Xổ số TP Hồ Chí Minh,2025-08-16,76946
Xổ số TP Hồ Chí Minh,2025-08-16,57175
Xổ số TP Hồ Chí Minh,2025-08-16,85106
Xổ số TP Hồ Chí Minh,2025-08-16,27043
Xổ số TP Hồ Chí Minh,2025-08-16,28692
Xổ số TP Hồ Chí Minh,2025-08-16,19763
Xổ số TP Hồ Chí Minh,2025-08-16,99851
Xổ số TP Hồ Chí Minh,2025-08-16,98832
Xổ số TP Hồ Chí Minh,2025-08-16,771331
Xổ số Long An,2025-08-16,21
Xổ số Long An,2025-08-16,516
Xổ số Long An,2025-08-16,2132
Xổ số Long An,2025-08-16,8421
Xổ số Long An,2025-08-16,4647
Xổ số Long An,2025-08-16,1379
Xổ số Long An,2025-08-16,81777
Xổ số Long An,2025-08-16,00172
Xổ số Long An,2025-08-16,93455
Xổ số Long An,2025-08-16,12138
Xổ số Long An,2025-08-16,95982
Xổ số Long An,2025-08-16,00333
Xổ số Long An,2025-08-16,23499
Xổ số Long An,2025-08-16,95777
Xổ số Long An,2025-08-16,05875
Xổ số Long An,2025-08-16,58610
Xổ số Long An,2025-08-16,70925
Xổ số Long An,2025-08-16,497116
Xổ số Bình Phước,2025-08-16,81
Xổ số Bình Phước,2025-08-16,237
Xổ số Bình Phước,2025-08-16,9738
Xổ số Bình Phước,2025-08-16,2354
Xổ số Bình Phước,2025-08-16,6251
Xổ số Bình Phước,2025-08-16,3895
Xổ số Bình Phước,2025-08-16,90256
Xổ số Bình Phước,2025-08-16,44059
Xổ số Bình Phước,2025-08-16,34094
Xổ số Bình Phước,2025-08-16,85718
Xổ số Bình Phước,2025-08-16,49993
Xổ số Bình Phước,2025-08-16,41103
Xổ số Bình Phước,2025-08-16,32415
Xổ số Bình Phước,2025-08-16,23778
Xổ số Bình Phước,2025-08-16,61573
Xổ số Bình Phước,2025-08-16,47087
Xổ số Bình Phước,2025-08-16,09293
Xổ số Bình Phước,2025-08-16,724872
Xổ số Hậu Giang,2025-08-16,83
Xổ số Hậu Giang,2025-08-16,614
Xổ số Hậu Giang,2025-08-16,5095
Xổ số Hậu Giang,2025-08-16,7387
Xổ số Hậu Giang,2025-08-16,3280
Xổ số Hậu Giang,2025-08-16,1971
Xổ số Hậu Giang,2025-08-16,29548
Xổ số Hậu Giang,2025-08-16,77596
Xổ số Hậu Giang,2025-08-16,47887
Xổ số Hậu Giang,2025-08-16,27064
Xổ số Hậu Giang,2025-08-16,22179
Xổ số Hậu Giang,2025-08-16,91121
Xổ số Hậu Giang,2025-08-16,59172
Xổ số Hậu Giang,2025-08-16,65165
Xổ số Hậu Giang,2025-08-16,33303
Xổ số Hậu Giang,2025-08-16,97644
Xổ số Hậu Giang,2025-08-16,40598
Xổ số Hậu Giang,2025-08-16,545503
Xổ số Trà Vinh,2025-08-15,61
Xổ số Trà Vinh,2025-08-15,659
Xổ số Trà Vinh,2025-08-15,9949
Xổ số Trà Vinh,2025-08-15,3912
Xổ số Trà Vinh,2025-08-15,7453
Xổ số Trà Vinh,2025-08-15,2477
Xổ số Trà Vinh,2025-08-15,08203
Xổ số Trà Vinh,2025-08-15,90914
Xổ số Trà Vinh,2025-08-15,09923
Xổ số Trà Vinh,2025-08-15,94636
Xổ số Trà Vinh,2025-08-15,66374
Xổ số Trà Vinh,2025-08-15,00466
Xổ số Trà Vinh,2025-08-15,63582
Xổ số Trà Vinh,2025-08-15,08596
Xổ số Trà Vinh,2025-08-15,05637
Xổ số Trà Vinh,2025-08-15,68421
Xổ số Trà Vinh,2025-08-15,58744
Xổ số Trà Vinh,2025-08-15,081142
Xổ số Vĩnh Long,2025-08-15,34
Xổ số Vĩnh Long,2025-08-15,551
Xổ số Vĩnh Long,2025-08-15,0360
Xổ số Vĩnh Long,2025-08-15,2587
Xổ số Vĩnh Long,2025-08-15,4431
Xổ số Vĩnh Long,2025-08-15,8119
Xổ số Vĩnh Long,2025-08-15,27994
Xổ số Vĩnh Long,2025-08-15,18128
Xổ số Vĩnh Long,2025-08-15,34854
Xổ số Vĩnh Long,2025-08-15,83680
Xổ số Vĩnh Long,2025-08-15,53347
Xổ số Vĩnh Long,2025-08-15,99979
Xổ số Vĩnh Long,2025-08-15,97202
Xổ số Vĩnh Long,2025-08-15,62638
Xổ số Vĩnh Long,2025-08-15,89165
Xổ số Vĩnh Long,2025-08-15,35326
Xổ số Vĩnh Long,2025-08-15,87346
Xổ số Vĩnh Long,2025-08-15,239306
Xổ số Bình Dương,2025-08-15,26
Xổ số Bình Dương,2025-08-15,741
Xổ số Bình Dương,2025-08-15,7782
Xổ số Bình Dương,2025-08-15,8318
Xổ số Bình Dương,2025-08-15,7486
Xổ số Bình Dương,2025-08-15,4235
Xổ số Bình Dương,2025-08-15,24992
Xổ số Bình Dương,2025-08-15,77467
Xổ số Bình Dương,2025-08-15,64694
Xổ số Bình Dương,2025-08-15,07002
Xổ số Bình Dương,2025-08-15,65423
Xổ số Bình Dương,2025-08-15,33953
Xổ số Bình Dương,2025-08-15,28430
Xổ số Bình Dương,2025-08-15,99797
Xổ số Bình Dương,2025-08-15,93820
Xổ số Bình Dương,2025-08-15,65537
Xổ số Bình Dương,2025-08-15,57821
Xổ số Bình Dương,2025-08-15,245183
Xổ số An Giang,2025-08-14,46
Xổ số An Giang,2025-08-14,021
Xổ số An Giang,2025-08-14,9853
Xổ số An Giang,2025-08-14,0252
Xổ số An Giang,2025-08-14,4802
Xổ số An Giang,2025-08-14,7972
Xổ số An Giang,2025-08-14,81432
Xổ số An Giang,2025-08-14,89324
Xổ số An Giang,2025-08-14,92792
Xổ số An Giang,2025-08-14,79182
Xổ số An Giang,2025-08-14,44921
Xổ số An Giang,2025-08-14,84435
Xổ số An Giang,2025-08-14,38827
Xổ số An Giang,2025-08-14,41175
Xổ số An Giang,2025-08-14,51404
Xổ số An Giang,2025-08-14,86313
Xổ số An Giang,2025-08-14,17047
Xổ số An Giang,2025-08-14,692107
Xổ số Bình Thuận,2025-08-14,62
Xổ số Bình Thuận,2025-08-14,929
Xổ số Bình Thuận,2025-08-14,5243
Xổ số Bình Thuận,2025-08-14,9011
Xổ số Bình Thuận,2025-08-14,8248
Xổ số Bình Thuận,2025-08-14,3760
Xổ số Bình Thuận,2025-08-14,35134
Xổ số Bình Thuận,2025-08-14,34044
Xổ số Bình Thuận,2025-08-14,11809
Xổ số Bình Thuận,2025-08-14,29226
Xổ số Bình Thuận,2025-08-14,78387
Xổ số Bình Thuận,2025-08-14,05427
Xổ số Bình Thuận,2025-08-14,89594
Xổ số Bình Thuận,2025-08-14,14189
Xổ số Bình Thuận,2025-08-14,65899
Xổ số Bình Thuận,2025-08-14,69415
Xổ số Bình Thuận,2025-08-14,83070
Xổ số Bình Thuận,2025-08-14,666272
Xổ số Tây Ninh,2025-08-14,62
Xổ số Tây Ninh,2025-08-14,817
Xổ số Tây Ninh,2025-08-14,1936
Xổ số Tây Ninh,2025-08-14,6522
Xổ số Tây Ninh,2025-08-14,9414
Xổ số Tây Ninh,2025-08-14,6571
Xổ số Tây Ninh,2025-08-14,05473
Xổ số Tây Ninh,2025-08-14,84451
Xổ số Tây Ninh,2025-08-14,14672
Xổ số Tây Ninh,2025-08-14,66723
Xổ số Tây Ninh,2025-08-14,42575
Xổ số Tây Ninh,2025-08-14,74340
Xổ số Tây Ninh,2025-08-14,37065
Xổ số Tây Ninh,2025-08-14,17028
Xổ số Tây Ninh,2025-08-14,31117
Xổ số Tây Ninh,2025-08-14,57695
Xổ số Tây Ninh,2025-08-14,72214
Xổ số Tây Ninh,2025-08-14,367961
Xổ số Đồng Nai,2025-08-13,22
Xổ số Đồng Nai,2025-08-13,369
Xổ số Đồng Nai,2025-08-13,0538
Xổ số Đồng Nai,2025-08-13,1763
Xổ số Đồng Nai,2025-08-13,5686
Xổ số Đồng Nai,2025-08-13,3449
Xổ số Đồng Nai,2025-08-13,70451
Xổ số Đồng Nai,2025-08-13,71438
Xổ số Đồng Nai,2025-08-13,64961
Xổ số Đồng Nai,2025-08-13,42181
Xổ số Đồng Nai,2025-08-13,94125
Xổ số Đồng Nai,2025-08-13,09952
Xổ số Đồng Nai,2025-08-13,69131
Xổ số Đồng Nai,2025-08-13,16079
Xổ số Đồng Nai,2025-08-13,26860
Xổ số Đồng Nai,2025-08-13,16390
Xổ số Đồng Nai,2025-08-13,66726
Xổ số Đồng Nai,2025-08-13,365549
Xổ số Cần Thơ,2025-08-13,56
Xổ số Cần Thơ,2025-08-13,926
Xổ số Cần Thơ,2025-08-13,0662
Xổ số Cần Thơ,2025-08-13,5546
Xổ số Cần Thơ,2025-08-13,9091
Xổ số Cần Thơ,2025-08-13,6286
Xổ số Cần Thơ,2025-08-13,06364
Xổ số Cần Thơ,2025-08-13,01028
Xổ số Cần Thơ,2025-08-13,25608
Xổ số Cần Thơ,2025-08-13,73563
Xổ số Cần Thơ,2025-08-13,09917
Xổ số Cần Thơ,2025-08-13,37160
Xổ số Cần Thơ,2025-08-13,19132
Xổ số Cần Thơ,2025-08-13,58289
Xổ số Cần Thơ,2025-08-13,73900
Xổ số Cần Thơ,2025-08-13,49287
Xổ số Cần Thơ,2025-08-13,26389
Xổ số Cần Thơ,2025-08-13,527944
Xổ số Sóc Trăng,2025-08-13,87
Xổ số Sóc Trăng,2025-08-13,684
Xổ số Sóc Trăng,2025-08-13,4088
Xổ số Sóc Trăng,2025-08-13,7999
Xổ số Sóc Trăng,2025-08-13,2926
Xổ số Sóc Trăng,2025-08-13,6293
Xổ số Sóc Trăng,2025-08-13,31667
Xổ số Sóc Trăng,2025-08-13,05416
Xổ số Sóc Trăng,2025-08-13,58553
Xổ số Sóc Trăng,2025-08-13,04584
Xổ số Sóc Trăng,2025-08-13,71740
Xổ số Sóc Trăng,2025-08-13,79920
Xổ số Sóc Trăng,2025-08-13,12892
Xổ số Sóc Trăng,2025-08-13,95387
Xổ số Sóc Trăng,2025-08-13,34972
Xổ số Sóc Trăng,2025-08-13,68223
Xổ số Sóc Trăng,2025-08-13,96571
Xổ số Sóc Trăng,2025-08-13,937286
Xổ số Bến Tre,2025-08-12,88
Xổ số Bến Tre,2025-08-12,260
Xổ số Bến Tre,2025-08-12,5913
Xổ số Bến Tre,2025-08-12,3787
Xổ số Bến Tre,2025-08-12,7600
Xổ số Bến Tre,2025-08-12,5869
Xổ số Bến Tre,2025-08-12,40502
Xổ số Bến Tre,2025-08-12,33765
Xổ số Bến Tre,2025-08-12,93954
Xổ số Bến Tre,2025-08-12,41849
Xổ số Bến Tre,2025-08-12,28692
Xổ số Bến Tre,2025-08-12,36294
Xổ số Bến Tre,2025-08-12,04030
Xổ số Bến Tre,2025-08-12,55504
Xổ số Bến Tre,2025-08-12,73580
Xổ số Bến Tre,2025-08-12,21432
Xổ số Bến Tre,2025-08-12,56224
Xổ số Bến Tre,2025-08-12,351261
Xổ số Vũng Tàu,2025-08-12,63
Xổ số Vũng Tàu,2025-08-12,526
Xổ số Vũng Tàu,2025-08-12,8762
Xổ số Vũng Tàu,2025-08-12,1183
Xổ số Vũng Tàu,2025-08-12,9216
Xổ số Vũng Tàu,2025-08-12,9123
Xổ số Vũng Tàu,2025-08-12,55661
Xổ số Vũng Tàu,2025-08-12,98904
Xổ số Vũng Tàu,2025-08-12,94429
Xổ số Vũng Tàu,2025-08-12,81190
Xổ số Vũng Tàu,2025-08-12,00316
Xổ số Vũng Tàu,2025-08-12,02682
Xổ số Vũng Tàu,2025-08-12,77742
Xổ số Vũng Tàu,2025-08-12,38455
Xổ số Vũng Tàu,2025-08-12,07093
Xổ số Vũng Tàu,2025-08-12,18406
Xổ số Vũng Tàu,2025-08-12,14110
Xổ số Vũng Tàu,2025-08-12,886877
Xổ số Bạc Liêu,2025-08-12,81
Xổ số Bạc Liêu,2025-08-12,179
Xổ số Bạc Liêu,2025-08-12,5452
Xổ số Bạc Liêu,2025-08-12,6748
Xổ số Bạc Liêu,2025-08-12,1623
Xổ số Bạc Liêu,2025-08-12,1344
Xổ số Bạc Liêu,2025-08-12,51890
Xổ số Bạc Liêu,2025-08-12,56406
Xổ số Bạc Liêu,2025-08-12,90106
Xổ số Bạc Liêu,2025-08-12,18477
Xổ số Bạc Liêu,2025-08-12,17664
Xổ số Bạc Liêu,2025-08-12,35114
Xổ số Bạc Liêu,2025-08-12,18859
Xổ số Bạc Liêu,2025-08-12,74930
Xổ số Bạc Liêu,2025-08-12,12932
Xổ số Bạc Liêu,2025-08-12,08172
Xổ số Bạc Liêu,2025-08-12,45129
Xổ số Bạc Liêu,2025-08-12,457479
Xổ số Cà Mau,2025-08-11,57
Xổ số Cà Mau,2025-08-11,659
Xổ số Cà Mau,2025-08-11,7161
Xổ số Cà Mau,2025-08-11,0799
Xổ số Cà Mau,2025-08-11,0662
Xổ số Cà Mau,2025-08-11,9533
Xổ số Cà Mau,2025-08-11,61939
Xổ số Cà Mau,2025-08-11,32036
Xổ số Cà Mau,2025-08-11,99817
Xổ số Cà Mau,2025-08-11,22262
Xổ số Cà Mau,2025-08-11,02114
Xổ số Cà Mau,2025-08-11,30195
Xổ số Cà Mau,2025-08-11,39937
Xổ số Cà Mau,2025-08-11,07935
Xổ số Cà Mau,2025-08-11,94904
Xổ số Cà Mau,2025-08-11,26435
Xổ số Cà Mau,2025-08-11,71772
Xổ số Cà Mau,2025-08-11,886838
Xổ số TP Hồ Chí Minh,2025-08-11,94
Xổ số TP Hồ Chí Minh,2025-08-11,228
Xổ số TP Hồ Chí Minh,2025-08-11,9307
Xổ số TP Hồ Chí Minh,2025-08-11,9492
Xổ số TP Hồ Chí Minh,2025-08-11,7936
Xổ số TP Hồ Chí Minh,2025-08-11,9351
Xổ số TP Hồ Chí Minh,2025-08-11,48826
Xổ số TP Hồ Chí Minh,2025-08-11,07102
Xổ số TP Hồ Chí Minh,2025-08-11,23652
Xổ số TP Hồ Chí Minh,2025-08-11,72029
Xổ số TP Hồ Chí Minh,2025-08-11,63922
Xổ số TP Hồ Chí Minh,2025-08-11,39009
Xổ số TP Hồ Chí Minh,2025-08-11,11727
Xổ số TP Hồ Chí Minh,2025-08-11,34510
Xổ số TP Hồ Chí Minh,2025-08-11,05300
Xổ số TP Hồ Chí Minh,2025-08-11,58818
Xổ số TP Hồ Chí Minh,2025-08-11,18218
Xổ số TP Hồ Chí Minh,2025-08-11,239999
Xổ số Đồng Tháp,2025-08-11,53
Xổ số Đồng Tháp,2025-08-11,462
Xổ số Đồng Tháp,2025-08-11,8657
Xổ số Đồng Tháp,2025-08-11,0626
Xổ số Đồng Tháp,2025-08-11,6685
Xổ số Đồng Tháp,2025-08-11,9379
Xổ số Đồng Tháp,2025-08-11,73784
Xổ số Đồng Tháp,2025-08-11,06772
Xổ số Đồng Tháp,2025-08-11,86674
Xổ số Đồng Tháp,2025-08-11,51203
Xổ số Đồng Tháp,2025-08-11,68175
Xổ số Đồng Tháp,2025-08-11,71087
Xổ số Đồng Tháp,2025-08-11,64908
Xổ số Đồng Tháp,2025-08-11,96342
Xổ số Đồng Tháp,2025-08-11,30105
Xổ số Đồng Tháp,2025-08-11,05243
Xổ số Đồng Tháp,2025-08-11,95826
Xổ số Đồng Tháp,2025-08-11,501282
Xổ số Tiền Giang,2025-08-10,10
Xổ số Tiền Giang,2025-08-10,429
Xổ số Tiền Giang,2025-08-10,7039
Xổ số Tiền Giang,2025-08-10,5124
Xổ số Tiền Giang,2025-08-10,0272
Xổ số Tiền Giang,2025-08-10,2811
Xổ số Tiền Giang,2025-08-10,97960
Xổ số Tiền Giang,2025-08-10,42726
Xổ số Tiền Giang,2025-08-10,36404
Xổ số Tiền Giang,2025-08-10,60455
Xổ số Tiền Giang,2025-08-10,96951
Xổ số Tiền Giang,2025-08-10,38038
Xổ số Tiền Giang,2025-08-10,70645
Xổ số Tiền Giang,2025-08-10,49642
Xổ số Tiền Giang,2025-08-10,79262
Xổ số Tiền Giang,2025-08-10,99762
Xổ số Tiền Giang,2025-08-10,42679
Xổ số Tiền Giang,2025-08-10,617433
Xổ số Kiên Giang,2025-08-10,63
Xổ số Kiên Giang,2025-08-10,237
Xổ số Kiên Giang,2025-08-10,6414
Xổ số Kiên Giang,2025-08-10,1084
Xổ số Kiên Giang,2025-08-10,7312
Xổ số Kiên Giang,2025-08-10,7413
Xổ số Kiên Giang,2025-08-10,83456
Xổ số Kiên Giang,2025-08-10,74515
Xổ số Kiên Giang,2025-08-10,94337
Xổ số Kiên Giang,2025-08-10,18036
Xổ số Kiên Giang,2025-08-10,01474
Xổ số Kiên Giang,2025-08-10,98141
Xổ số Kiên Giang,2025-08-10,86141
Xổ số Kiên Giang,2025-08-10,00805
Xổ số Kiên Giang,2025-08-10,47748
Xổ số Kiên Giang,2025-08-10,95116
Xổ số Kiên Giang,2025-08-10,98217
Xổ số Kiên Giang,2025-08-10,139750
Xổ số Đà Lạt,2025-08-10,65
Xổ số Đà Lạt,2025-08-10,856
Xổ số Đà Lạt,2025-08-10,4414
Xổ số Đà Lạt,2025-08-10,3394
Xổ số Đà Lạt,2025-08-10,1861
Xổ số Đà Lạt,2025-08-10,9646
Xổ số Đà Lạt,2025-08-10,40371
Xổ số Đà Lạt,2025-08-10,58327
Xổ số Đà Lạt,2025-08-10,92873
Xổ số Đà Lạt,2025-08-10,88123
Xổ số Đà Lạt,2025-08-10,89430
Xổ số Đà Lạt,2025-08-10,19606
Xổ số Đà Lạt,2025-08-10,45687
Xổ số Đà Lạt,2025-08-10,13957
Xổ số Đà Lạt,2025-08-10,01998
Xổ số Đà Lạt,2025-08-10,32273
Xổ số Đà Lạt,2025-08-10,73692
Xổ số Đà Lạt,2025-08-10,681437
Xổ số TP Hồ Chí Minh,2025-08-09,49
Xổ số TP Hồ Chí Minh,2025-08-09,668
Xổ số TP Hồ Chí Minh,2025-08-09,3382
Xổ số TP Hồ Chí Minh,2025-08-09,2297
Xổ số TP Hồ Chí Minh,2025-08-09,2834
Xổ số TP Hồ Chí Minh,2025-08-09,1435
Xổ số TP Hồ Chí Minh,2025-08-09,86958
Xổ số TP Hồ Chí Minh,2025-08-09,61271
Xổ số TP Hồ Chí Minh,2025-08-09,39207
Xổ số TP Hồ Chí Minh,2025-08-09,42362
Xổ số TP Hồ Chí Minh,2025-08-09,26298
Xổ số TP Hồ Chí Minh,2025-08-09,72711
Xổ số TP Hồ Chí Minh,2025-08-09,66317
Xổ số TP Hồ Chí Minh,2025-08-09,53378
Xổ số TP Hồ Chí Minh,2025-08-09,49087
Xổ số TP Hồ Chí Minh,2025-08-09,07750
Xổ số TP Hồ Chí Minh,2025-08-09,17329
Xổ số TP Hồ Chí Minh,2025-08-09,078249
Xổ số Long An,2025-08-09,37
Xổ số Long An,2025-08-09,093
Xổ số Long An,2025-08-09,7706
Xổ số Long An,2025-08-09,0679
Xổ số Long An,2025-08-09,4002
Xổ số Long An,2025-08-09,5661
Xổ số Long An,2025-08-09,83223
Xổ số Long An,2025-08-09,91138
Xổ số Long An,2025-08-09,14632
Xổ số Long An,2025-08-09,10222
Xổ số Long An,2025-08-09,33260
Xổ số Long An,2025-08-09,47575
Xổ số Long An,2025-08-09,65759
Xổ số Long An,2025-08-09,14777
Xổ số Long An,2025-08-09,02352
Xổ số Long An,2025-08-09,73066
Xổ số Long An,2025-08-09,25010
Xổ số Long An,2025-08-09,721177
Xổ số Bình Phước,2025-08-09,26
Xổ số Bình Phước,2025-08-09,735
Xổ số Bình Phước,2025-08-09,8854
Xổ số Bình Phước,2025-08-09,0552
Xổ số Bình Phước,2025-08-09,8425
Xổ số Bình Phước,2025-08-09,1725
Xổ số Bình Phước,2025-08-09,66677
Xổ số Bình Phước,2025-08-09,30741
Xổ số Bình Phước,2025-08-09,66354
Xổ số Bình Phước,2025-08-09,19211
Xổ số Bình Phước,2025-08-09,98469
Xổ số Bình Phước,2025-08-09,69187
Xổ số Bình Phước,2025-08-09,26447
Xổ số Bình Phước,2025-08-09,64141
Xổ số Bình Phước,2025-08-09,16857
Xổ số Bình Phước,2025-08-09,66443
Xổ số Bình Phước,2025-08-09,57583
Xổ số Bình Phước,2025-08-09,396169
Xổ số Hậu Giang,2025-08-09,55
Xổ số Hậu Giang,2025-08-09,470
Xổ số Hậu Giang,2025-08-09,8884
Xổ số Hậu Giang,2025-08-09,6880
Xổ số Hậu Giang,2025-08-09,6089
Xổ số Hậu Giang,2025-08-09,4726
Xổ số Hậu Giang,2025-08-09,95090
Xổ số Hậu Giang,2025-08-09,03476
Xổ số Hậu Giang,2025-08-09,11912
Xổ số Hậu Giang,2025-08-09,89436
Xổ số Hậu Giang,2025-08-09,37238
Xổ số Hậu Giang,2025-08-09,48342
Xổ số Hậu Giang,2025-08-09,51013
Xổ số Hậu Giang,2025-08-09,35420
Xổ số Hậu Giang,2025-08-09,30369
Xổ số Hậu Giang,2025-08-09,06422
Xổ số Hậu Giang,2025-08-09,06757
Xổ số Hậu Giang,2025-08-09,645616
